96.45.45.45,false,false,true,4096,0,true,39,false,false,true,false
96.45.46.46,false,false,true,4096,0,true,39,false,false,true,false
96.250.208.198,true,false,true,512,1,true,60,false,false,false,false
96.8.17.139,true,false,false,0,20,true,2032,true,true,false,false
96.8.17.142,true,false,false,0,20,true,2032,true,true,false,false
98.153.167.29,true,false,true,512,1,true,60,false,false,false,false
95.54.192.158,true,false,true,4000,38,true,3103,true,true,false,false
95.167.147.134,true,true,true,4096,38,true,3899,true,true,false,false
95.43.223.164,true,false,true,4096,3,true,87,false,false,false,false
95.181.143.185,true,false,false,0,20,true,1687,true,true,false,false
95.158.188.226,true,false,false,0,20,true,1811,true,true,false,false
95.154.91.146,true,false,false,0,46,true,3730,true,true,false,false
95.143.181.67,true,false,true,4096,4,true,115,false,false,false,false
95.78.156.108,false,false,false,0,0,false,0,false,false,true,false
95.165.154.182,true,false,false,0,20,true,1736,true,true,false,false
95.158.37.247,false,false,false,0,0,false,0,false,false,true,false
95.138.211.251,true,false,false,0,20,true,1799,true,true,false,false
95.172.55.54,true,false,false,0,20,true,1730,true,true,false,false
95.43.242.238,false,false,false,0,0,false,0,false,false,true,false
98.6.2.198,false,false,false,0,0,true,28,false,false,true,false
95.154.103.131,true,false,false,0,46,true,3282,true,true,false,false
95.124.255.217,false,false,false,0,0,true,28,false,false,false,false
95.124.251.84,false,false,false,0,0,true,28,false,false,false,false
95.124.251.100,false,false,false,0,0,true,28,false,false,false,false
95.124.251.92,false,false,false,0,0,true,28,false,false,false,false
95.131.149.27,true,false,false,0,20,true,1994,true,true,false,false
95.140.203.92,false,false,false,0,0,false,0,false,false,true,false
95.124.247.123,false,false,false,0,0,true,28,false,false,false,false
95.124.247.206,false,false,false,0,0,true,28,false,false,false,false
95.124.255.221,false,false,false,0,0,true,28,false,false,false,false
95.124.250.120,false,false,false,0,0,true,28,false,false,false,false
95.124.243.180,false,false,false,0,0,true,28,false,false,false,false
95.124.243.142,false,false,false,0,0,true,28,false,false,false,false
94.97.248.221,true,false,true,4096,35,true,3055,true,true,false,false
95.124.244.174,false,false,false,0,0,true,28,false,false,false,false
94.23.205.212,true,false,true,4096,43,true,3418,true,true,false,false
95.124.243.169,false,false,false,0,0,true,28,false,false,false,false
95.124.247.117,false,false,false,0,0,true,28,false,false,false,false
94.199.109.170,true,false,false,0,20,true,1749,true,true,false,false
94.190.225.79,true,false,true,4096,47,true,3654,true,true,false,false
94.156.216.167,true,false,true,4000,46,true,3554,true,true,false,false
95.124.243.178,false,false,false,0,0,true,28,false,false,false,false
95.124.247.99,false,false,false,0,0,false,0,false,false,true,false
94.124.194.172,true,false,false,0,20,true,2032,true,true,false,false
94.103.91.65,true,false,true,4096,35,true,3055,true,true,false,false
94.101.234.75,true,false,false,0,28,true,2229,true,true,false,false
93.42.199.134,true,false,true,4096,44,true,3571,true,true,false,false
93.41.177.34,true,false,true,4096,43,true,3594,true,true,false,false
94.70.86.230,true,false,false,0,20,true,1801,true,true,false,false
93.171.165.39,true,false,false,0,46,true,3525,true,true,false,false
93.241.193.206,true,false,true,4096,47,true,3609,true,true,false,false
93.159.141.38,true,false,false,0,20,true,1945,true,true,false,false
94.124.199.113,true,false,false,0,20,true,2032,true,true,false,false
93.170.209.77,true,false,false,0,20,true,1856,true,true,false,false
93.153.229.38,true,false,false,0,20,true,1666,true,true,false,false
93.145.178.206,true,false,false,0,20,true,1659,true,true,false,false
94.253.9.230,true,false,false,0,20,true,1807,true,true,false,false
93.86.160.81,true,false,false,0,23,true,1821,true,true,false,false
92.38.133.221,true,false,false,0,20,true,2032,true,true,false,false
93.158.35.220,false,false,false,0,0,false,0,false,false,true,false
92.45.23.168,false,false,false,0,0,false,0,false,false,true,false
92.241.76.98,true,false,false,0,1,true,49,false,false,false,false
92.223.166.221,true,false,true,4096,43,true,3490,true,true,false,false
92.182.5.167,true,false,true,4096,43,true,3594,true,true,false,false
93.159.129.202,true,false,false,0,20,true,1659,true,true,false,false
92.118.27.72,false,false,true,1452,0,true,39,false,false,true,false
92.173.136.129,true,false,true,4096,43,true,3594,true,true,false,false
93.109.252.238,true,false,false,0,3,true,76,false,false,false,false
91.249.242.218,true,false,true,4096,44,true,3527,true,true,false,false
91.249.238.157,true,false,false,0,20,true,1803,true,true,false,false
91.246.215.144,true,false,true,4096,35,true,3851,true,true,false,false
91.238.24.52,true,false,true,1024,4,true,154,false,false,false,false
91.238.28.48,true,false,false,0,20,true,1974,true,true,false,false
91.249.142.66,true,false,true,4096,47,true,3590,true,true,false,false
91.236.140.23,true,false,false,0,47,true,3303,true,true,false,false
91.223.52.29,true,false,false,0,20,true,1798,true,true,false,false
91.219.83.40,true,false,false,0,20,true,1859,true,true,false,false
92.61.49.154,false,false,false,0,0,false,0,false,false,true,false
91.212.217.54,true,false,false,0,20,true,1860,true,true,false,false
91.244.172.167,true,false,true,4096,47,true,3687,true,true,false,false
91.219.7.202,true,true,true,1280,15,true,1222,true,true,false,false
91.211.26.206,true,false,false,0,28,true,2321,true,true,false,false
91.204.189.39,false,false,true,4096,0,true,39,false,false,true,false
91.214.242.226,true,false,false,0,8,true,394,false,false,false,false
91.203.70.201,true,false,false,0,1,true,49,false,false,false,false
91.138.189.141,true,false,true,4096,43,true,3594,true,true,false,false
91.237.183.241,false,false,false,0,0,false,0,false,false,true,false
91.121.102.104,true,false,true,4096,43,true,3418,true,true,false,false
91.237.183.1,true,false,false,0,20,true,1815,true,true,false,false
91.138.161.1,false,true,true,1220,0,true,39,false,false,false,false
90.80.38.81,true,false,true,4096,43,true,3594,true,true,false,false
90.83.14.169,true,false,true,4096,43,true,3594,true,true,false,false
90.63.179.152,true,false,true,4096,46,true,3638,true,true,false,false
91.211.142.138,false,true,true,1280,0,true,39,false,false,false,false
90.160.105.117,true,false,false,0,1,true,49,false,false,false,false
91.103.106.22,true,false,true,4000,8,true,418,false,false,false,false
91.144.135.156,true,false,true,4096,3,true,87,false,false,false,false
90.188.56.152,true,false,false,0,20,true,1793,true,true,false,false
91.187.93.98,true,false,true,4096,35,true,3851,true,true,false,false
89.247.227.57,false,false,true,4096,0,true,39,false,false,true,false
91.202.26.36,true,false,false,0,20,true,1742,true,true,false,false
89.201.2.132,true,false,false,0,20,true,1606,true,true,false,false
89.216.107.102,true,false,false,0,20,true,1933,true,true,false,false
89.190.217.245,true,false,false,0,3,true,76,false,false,false,false
90.183.162.143,true,false,true,512,46,true,3642,true,true,false,false
88.80.187.145,true,false,true,512,1,true,60,false,false,false,false
89.25.83.84,true,false,false,0,20,true,1772,true,true,false,false
89.151.139.149,true,false,false,0,11,true,650,false,true,false,false
89.143.12.246,true,false,false,0,20,true,1844,true,true,false,false
89.20.42.122,true,false,false,0,28,true,2200,true,true,false,false
89.109.54.90,false,false,false,0,0,false,0,false,false,true,false
89.109.34.95,true,false,true,4096,46,true,3514,true,true,false,false
88.149.182.137,false,false,true,1410,0,true,39,false,false,true,false
88.28.197.191,false,false,false,0,0,true,28,false,false,false,false
89.232.194.184,false,false,false,0,0,false,0,false,false,true,false
87.98.134.58,true,false,true,4096,43,true,3662,true,true,false,false
87.62.97.64,true,false,true,1352,1,true,247,false,false,false,false
88.28.196.234,false,false,false,0,0,true,28,false,false,false,false
88.28.201.36,false,false,false,0,0,true,28,false,false,false,false
88.129.182.8,false,false,false,0,0,true,28,false,false,false,false
87.229.99.1,true,false,false,0,8,true,343,false,false,false,false
87.244.16.6,true,false,false,0,1,true,49,false,false,false,false
87.117.45.162,true,false,true,4000,8,true,418,false,false,false,false
88.148.19.98,false,false,false,0,0,false,0,false,false,true,false
87.191.58.106,true,false,true,512,1,true,60,false,false,false,false
88.119.203.185,false,false,false,0,0,false,0,false,false,true,false
86.107.237.94,true,false,false,0,20,true,2032,true,true,false,false
87.116.145.99,true,false,false,0,47,true,3303,true,true,false,false
87.251.98.143,false,false,false,0,0,false,0,false,false,true,false
87.117.6.229,true,false,false,0,4,true,111,false,false,false,false
87.238.25.89,false,false,false,0,0,false,0,false,false,true,false
85.214.107.212,true,false,true,4000,8,true,290,false,false,false,false
87.123.213.137,false,false,false,0,0,false,0,false,false,true,false
85.21.144.107,true,false,false,0,20,true,1777,true,true,false,false
85.58.120.134,true,false,false,0,20,true,1702,true,true,false,false
86.102.157.118,true,false,false,0,20,true,1854,true,true,false,false
85.255.161.120,true,false,false,0,20,true,2075,true,true,false,false
85.18.102.42,true,false,true,4096,43,true,3550,true,true,false,false
85.187.172.182,true,false,false,0,20,true,2252,true,true,false,false
85.72.39.206,false,false,false,0,0,false,0,false,false,true,false
85.112.70.149,true,false,false,0,23,true,1847,true,true,false,false
85.73.92.103,false,false,false,0,0,false,0,false,false,true,false
85.187.164.167,false,false,false,0,0,false,0,false,false,true,false
85.172.79.136,true,false,false,0,20,true,1563,true,true,false,false
85.112.70.44,true,false,false,0,20,true,1769,true,true,false,false
84.43.207.80,true,false,false,0,20,true,1747,true,true,false,false
84.94.193.66,true,false,false,0,20,true,2127,true,true,false,false
85.172.79.70,true,false,false,0,20,true,1970,true,true,false,false
84.243.2.246,true,false,true,4096,43,true,3482,true,true,false,false
84.245.81.62,true,false,false,0,20,true,1732,true,true,false,false
84.247.237.234,true,false,true,4096,35,true,3851,true,true,false,false
84.201.162.183,true,false,false,0,1,true,80,false,false,false,false
84.22.154.182,true,false,false,0,20,true,1772,true,true,false,false
84.42.121.198,true,false,false,0,20,true,1694,true,true,false,false
83.240.244.121,true,true,false,0,5,true,491,false,false,false,false
84.17.5.230,false,false,true,1232,0,true,39,false,false,true,false
85.115.252.181,false,false,false,0,0,false,0,false,false,true,false
83.173.203.174,true,false,true,4096,44,true,3503,true,true,false,false
83.221.219.179,true,false,false,0,20,true,1694,true,true,false,false
83.169.217.22,true,false,true,512,1,true,60,false,false,false,false
83.174.212.101,true,false,false,0,20,true,1759,true,true,false,false
83.136.95.12,true,false,true,4000,44,true,3397,true,true,false,false
83.136.95.13,true,false,true,4000,8,true,330,false,false,false,false
84.204.177.46,true,false,false,0,4,true,111,false,false,false,false
83.239.35.62,false,false,false,0,0,false,0,false,false,true,false
84.238.140.98,true,false,false,0,31,true,2382,true,true,false,false
83.118.104.146,false,false,true,1410,0,true,39,false,false,true,false
83.99.253.6,true,false,false,0,10,true,842,false,true,false,false
82.80.207.94,true,false,true,1232,11,true,277,false,false,false,false
82.64.52.182,true,false,true,4096,43,true,3594,true,true,false,false
82.220.99.203,true,false,true,4096,35,true,3851,true,true,false,false
82.223.115.77,true,false,true,4096,43,true,3594,true,true,false,false
82.99.19.72,true,false,true,512,1,true,60,false,false,false,false
83.166.125.177,true,false,false,0,9,true,1232,true,true,false,false
82.204.201.18,false,false,true,1232,0,true,39,false,false,true,false
82.208.72.235,true,false,false,0,20,true,2026,true,true,false,false
82.194.19.99,true,false,false,0,3,true,76,false,false,false,false
82.162.160.140,true,false,true,1232,4,true,115,false,false,false,false
82.151.66.178,true,false,true,4000,8,true,330,false,false,false,false
82.151.115.85,true,false,false,0,20,true,1883,true,true,false,false
83.12.149.202,false,false,false,0,0,false,0,false,false,true,false
83.0.79.234,false,false,false,0,0,false,0,false,false,true,false
82.165.76.185,true,false,true,4096,43,true,3594,true,true,false,false
82.142.175.190,true,false,false,0,1,true,49,false,false,false,false
83.0.117.231,false,false,false,0,0,false,0,false,false,true,false
82.138.35.46,true,false,false,0,20,true,1799,true,true,false,false
82.118.230.142,true,false,true,512,1,true,60,false,false,false,false
82.140.97.198,false,false,false,0,0,false,0,false,false,true,false
82.112.197.141,true,false,true,4000,47,true,3371,true,true,false,false
81.94.65.196,true,false,true,4096,3,true,87,false,false,false,false
82.100.87.86,true,false,true,4096,12,true,295,false,false,false,false
82.162.59.51,false,false,false,0,0,false,0,false,false,true,false
81.28.173.204,true,false,true,4096,43,true,3594,true,true,false,false
81.26.23.192,true,false,true,512,1,true,60,false,false,false,false
82.102.44.137,false,false,true,1232,0,true,39,false,false,true,false
81.23.153.203,true,false,false,0,20,true,2285,true,true,false,false
82.127.85.230,false,false,false,0,0,false,0,false,false,true,false
81.42.238.253,true,false,false,0,20,true,1695,true,true,false,false
82.127.253.142,true,false,true,1232,3,true,87,false,false,false,false
81.183.230.143,true,false,false,0,20,true,1901,true,true,false,false
80.87.187.82,true,false,false,0,5,true,431,false,false,false,false
80.87.185.235,true,false,false,0,20,true,2081,true,true,false,false
80.74.248.195,true,false,true,512,1,true,60,false,false,false,false
80.58.155.54,true,false,true,4096,43,true,3594,true,true,false,false
81.183.226.178,true,false,true,1232,3,true,87,false,false,false,false
81.182.243.24,true,false,false,0,23,true,1716,true,true,false,false
80.71.140.202,true,false,true,512,1,true,60,false,false,false,false
80.251.102.125,false,true,true,512,0,true,39,false,false,false,false
80.248.59.228,false,false,false,0,0,false,0,false,false,true,false
80.151.70.192,false,true,true,1232,0,true,39,false,false,false,false
80.87.144.17,false,false,false,0,0,false,0,false,false,true,false
80.240.26.135,true,false,false,0,1,true,49,false,false,false,false
80.151.11.49,false,true,true,1232,0,true,39,false,false,false,false
80.147.188.162,false,true,true,1232,0,true,39,false,false,false,false
81.183.217.123,false,false,false,0,0,false,0,false,false,true,false
80.14.38.19,true,false,true,4096,35,true,3851,true,true,false,false
80.53.121.247,false,false,false,0,0,false,0,false,false,true,false
80.14.170.101,true,false,true,4096,46,true,3586,true,true,false,false
80.248.157.26,true,false,false,0,21,true,1763,true,true,false,false
80.234.44.209,false,false,false,0,0,false,0,false,false,true,false
80.14.155.135,true,false,true,4096,43,true,3594,true,true,false,false
80.15.26.68,true,false,true,1232,3,true,87,false,false,false,false
80.118.230.106,true,false,true,4096,43,true,3594,true,true,false,false
80.14.67.41,true,false,true,1232,3,true,87,false,false,false,false
80.118.142.178,true,false,true,512,1,true,60,false,false,false,false
80.15.204.212,true,false,true,1232,3,true,87,false,false,false,false
80.13.98.191,false,false,false,0,0,false,0,false,false,true,false
80.14.100.27,false,false,false,0,0,false,0,false,false,true,false
80.14.35.128,true,false,true,4096,11,true,626,false,true,false,false
8.35.35.30,true,false,true,4096,1,true,247,false,false,false,false
8.35.35.103,true,false,true,4096,1,true,247,false,false,false,false
8.35.35.10,true,false,true,4096,1,true,247,false,false,false,false
80.13.34.124,false,false,false,0,0,false,0,false,false,true,false
8.34.34.30,true,false,true,4096,1,true,247,false,false,false,false
8.35.35.35,true,false,true,4096,1,true,247,false,false,false,false
80.147.160.179,true,false,false,0,28,true,2027,true,true,false,false
80.13.108.61,false,false,false,0,0,false,0,false,false,true,false
8.29.3.77,true,false,false,0,20,true,2275,true,true,false,false
8.34.34.11,true,false,true,4096,1,true,247,false,false,false,false
8.29.3.227,true,false,false,0,20,true,2032,true,true,false,false
8.35.35.101,true,false,true,4096,1,true,247,false,false,false,false
8.34.34.34,true,false,true,4096,1,true,247,false,false,false,false
8.28.109.99,true,false,false,0,20,true,2032,true,true,false,false
8.34.34.103,true,false,true,4096,1,true,247,false,false,false,false
8.34.34.101,true,false,true,4096,1,true,247,false,false,false,false
8.29.3.133,true,false,false,0,20,true,2291,true,true,false,false
8.29.2.134,true,false,false,0,28,true,2258,true,true,false,false
8.28.109.3,true,false,false,0,20,true,2032,true,true,false,false
8.28.109.74,true,false,false,0,20,true,2032,true,true,false,false
8.28.109.4,true,false,false,0,20,true,2032,true,true,false,false
8.28.109.102,true,false,false,0,20,true,2032,true,true,false,false
8.28.109.101,true,false,false,0,20,true,2032,true,true,false,false
8.28.109.5,true,false,false,0,20,true,2032,true,true,false,false
8.29.2.133,false,false,false,0,0,false,0,false,false,true,false
8.25.185.131,true,false,false,0,20,true,2275,true,true,false,false
8.25.185.132,true,false,false,0,20,true,2275,true,true,false,false
8.243.126.14,true,false,true,512,1,true,60,false,false,false,false
8.224.99.1,true,false,true,4096,1,true,60,false,false,false,false
8.243.126.11,true,false,true,512,1,true,60,false,false,false,false
8.243.126.10,true,false,true,512,1,true,60,false,false,false,false
8.28.109.254,false,false,false,0,0,false,0,false,false,true,false
8.28.109.2,true,false,false,0,20,true,2032,true,true,false,false
8.210.135.216,true,false,false,0,1,true,49,false,false,false,false
8.17.40.101,true,false,false,0,20,true,2032,true,true,false,false
8.28.109.235,true,false,false,0,8,true,522,false,true,false,false
79.61.138.153,true,false,true,4096,43,true,3594,true,true,false,false
8.17.40.102,false,false,false,0,0,false,0,false,false,true,false
8.14.63.91,true,false,false,0,23,true,2080,true,true,false,false
8.14.63.90,true,false,false,0,23,true,2080,true,true,false,false
8.14.63.94,true,false,false,0,23,true,2080,true,true,false,false
79.162.243.32,true,false,true,512,46,true,3642,true,true,false,false
8.14.63.93,true,false,false,0,23,true,2080,true,true,false,false
8.14.62.67,true,false,false,0,20,true,2032,true,true,false,false
79.162.226.154,true,false,true,512,11,true,626,false,true,false,false
8.215.30.242,true,false,false,0,6,true,483,false,false,false,false
79.162.192.189,false,true,true,512,0,true,39,false,false,false,false
79.140.190.191,true,false,true,512,1,true,60,false,false,false,false
79.110.204.58,true,false,true,4096,43,true,3594,true,true,false,false
78.80.33.53,true,false,false,0,20,true,1861,true,true,false,false
79.129.10.169,true,false,false,0,1,true,49,false,false,false,false
78.29.12.72,true,false,false,0,20,true,1741,true,true,false,false
79.162.244.216,false,false,false,0,0,false,0,false,false,true,false
79.134.4.148,true,false,false,0,20,true,2032,true,true,false,false
79.101.39.65,true,false,false,0,1,true,49,false,false,false,false
78.152.31.133,false,false,false,0,0,true,28,false,false,true,false
79.124.93.177,true,false,true,512,1,true,60,false,false,false,false
78.140.245.13,false,true,true,512,0,true,39,false,false,false,false
78.156.121.75,false,false,false,0,0,false,0,false,false,true,false
79.135.176.213,false,false,false,0,0,false,0,false,false,true,false
78.132.138.66,true,false,false,0,20,true,1623,true,true,false,false
78.83.183.104,false,false,false,0,0,false,0,false,false,true,false
78.108.251.134,true,false,false,0,20,true,1817,true,true,false,false
78.107.234.64,true,false,true,4096,4,true,115,false,false,false,false
77.78.196.3,true,false,false,0,20,true,2032,true,true,false,false
78.109.98.132,true,false,false,0,20,true,2032,true,true,false,false
77.51.207.86,true,false,true,4000,38,true,3103,true,true,false,false
77.51.209.243,false,false,true,4096,0,true,39,false,false,true,false
77.241.24.5,true,false,true,4096,43,true,3706,true,true,false,false
77.75.93.86,true,false,false,0,20,true,1680,true,true,false,false
77.223.142.102,true,false,true,4000,8,true,330,false,false,false,false
76.181.207.75,false,false,false,0,0,true,28,false,false,true,false
77.240.159.234,true,false,true,4096,44,true,3571,true,true,false,false
77.241.25.3,false,false,false,0,0,false,0,false,false,true,false
75.85.76.64,true,false,true,512,1,true,60,false,false,false,false
76.80.244.6,true,false,true,512,1,true,60,false,false,false,false
77.242.96.158,true,false,false,0,20,true,1656,true,true,false,false
75.131.52.162,true,false,true,4000,8,true,330,false,false,false,false
74.75.115.158,true,false,true,4096,35,true,3851,true,true,false,false
74.39.233.137,true,false,true,4000,8,true,418,false,false,false,false
74.202.142.162,true,false,true,4000,8,true,330,false,false,false,false
76.135.153.98,false,false,false,0,0,false,0,false,false,true,false
74.220.22.133,true,false,true,1232,1,true,60,false,false,false,false
78.130.38.68,false,false,false,0,0,false,0,false,false,true,false
74.114.238.126,true,false,false,0,20,true,1830,true,true,false,false
75.127.62.190,true,false,true,512,1,true,60,false,false,false,false
69.18.99.19,true,false,true,4000,36,true,3076,true,true,false,false
76.217.222.177,false,false,false,0,0,false,0,false,false,true,false
69.168.1.87,true,false,true,4096,1,true,247,false,false,false,false
70.114.18.4,true,false,false,0,20,true,1657,true,true,false,false
67.200.141.228,true,false,true,512,1,true,60,false,false,false,false
68.15.188.99,true,false,true,512,1,true,60,false,false,false,false
67.129.157.112,true,false,false,0,35,true,1500,true,true,false,false
66.42.98.203,true,false,true,512,1,true,60,false,false,false,false
66.128.246.218,false,false,true,1410,0,true,39,false,false,true,false
73.203.235.78,false,false,false,0,0,false,0,false,false,true,false
65.199.61.96,true,false,false,0,38,true,1500,true,true,false,false
66.175.146.133,true,false,true,4000,39,true,3124,true,true,false,false
65.144.5.126,true,false,false,0,35,true,1500,true,true,false,false
64.81.45.2,true,false,true,8192,1,true,247,false,false,false,false
64.81.159.2,true,false,true,8192,1,true,247,false,false,false,false
69.75.213.219,false,false,false,0,0,false,0,false,false,true,false
76.150.119.245,false,false,false,0,0,false,0,false,false,true,false
66.147.43.2,false,false,false,0,0,false,0,false,false,true,false
64.208.105.1,true,false,true,4096,35,true,3323,true,true,false,false
64.251.17.22,false,true,true,1232,0,true,39,false,false,false,false
65.155.222.14,false,false,false,0,0,false,0,false,false,true,false
64.227.7.25,true,false,true,512,1,true,70,false,false,false,false
62.48.163.166,true,true,false,0,5,true,490,false,false,false,false
62.28.209.234,true,true,false,0,5,true,454,false,false,false,false
62.28.192.254,true,true,false,0,5,true,454,false,false,false,false
62.28.50.223,true,false,true,4096,43,true,3398,true,true,false,false
67.20.140.233,false,true,true,1220,0,true,39,false,false,false,false
62.217.126.164,false,false,true,1232,0,true,39,false,false,true,false
64.132.113.16,false,false,false,0,0,false,0,false,false,true,false
63.215.98.144,true,false,true,512,1,true,60,false,false,false,false
61.91.28.86,true,false,true,4000,8,true,258,false,false,false,false
61.19.71.102,true,false,false,0,20,true,1802,true,true,false,false
64.145.73.4,false,false,false,0,0,false,0,false,false,true,false
64.237.97.17,false,false,false,0,0,false,0,false,false,true,false
60.32.160.57,false,true,true,512,0,true,39,false,false,false,false
59.28.197.231,true,false,true,4096,38,true,3103,true,true,false,false
59.148.14.33,true,false,true,4000,8,true,274,false,false,false,false
59.125.99.157,true,false,true,4000,8,true,418,false,false,false,false
59.125.7.96,true,false,true,4096,43,true,3618,true,true,false,false
59.103.138.68,true,false,true,4096,47,true,3311,true,true,false,false
50.86.134.29,true,false,true,512,1,true,60,false,false,false,false
60.45.155.205,false,false,false,0,0,false,0,false,false,true,false
61.7.157.62,false,false,false,0,0,false,0,false,false,true,false
50.77.103.165,true,false,true,512,1,true,60,false,false,false,false
51.255.128.121,true,false,false,0,20,true,1760,true,true,false,false
50.230.4.242,true,false,true,512,1,true,60,false,false,false,false
62.176.126.3,true,false,false,0,11,true,375,false,false,false,false
50.220.130.1,true,false,true,4096,43,true,3594,true,true,false,false
62.173.181.238,false,false,false,0,0,false,0,false,false,true,false
51.255.128.119,true,false,false,0,20,true,1760,true,true,false,false
50.236.212.9,true,false,false,0,20,true,2032,true,true,false,false
51.68.227.204,true,false,true,4000,8,true,242,false,false,false,false
50.192.13.172,false,true,true,512,0,true,39,false,false,false,false
50.206.226.42,false,false,true,1410,0,true,39,false,false,true,false
50.117.0.170,true,false,true,512,1,true,60,false,false,false,false
50.198.75.41,true,false,true,512,1,true,60,false,false,false,false
5.61.8.20,true,false,true,4096,46,true,3754,true,true,false,false
5.58.4.85,true,false,false,0,20,true,1780,true,true,false,false
50.206.226.80,false,false,true,1410,0,true,39,false,false,true,false
5.20.98.219,true,false,false,0,28,true,2287,true,true,false,false
5.28.131.134,true,false,false,0,46,true,512,false,false,false,false
5.28.131.139,true,false,false,0,46,true,512,false,false,false,false
5.42.246.18,true,false,true,4096,9,true,250,false,false,false,false
5.2.110.98,true,false,true,512,1,true,60,false,false,false,false
5.185.94.131,true,false,true,512,46,true,3642,true,true,false,false
5.185.4.1,true,false,true,512,47,true,3670,true,true,false,false
50.78.224.131,true,false,true,512,1,true,60,false,false,false,false
5.185.32.122,false,true,true,512,0,true,39,false,false,false,false
5.185.252.179,true,false,true,512,47,true,3670,true,true,false,false
5.185.245.69,false,true,true,512,0,true,39,false,false,false,false
5.188.139.235,true,false,false,0,1,true,49,false,false,false,false
5.23.100.195,false,false,false,0,0,false,0,false,false,true,false
5.185.240.128,false,true,true,512,0,true,39,false,false,false,false
5.185.241.212,false,true,true,512,0,true,39,false,false,false,false
5.2.75.75,false,false,false,0,0,false,0,false,false,true,false
5.185.233.249,false,true,true,512,0,true,39,false,false,false,false
5.189.198.42,true,false,false,0,20,true,2032,true,true,false,false
5.185.225.50,true,false,true,512,46,true,3642,true,true,false,false
5.185.21.53,false,true,true,512,0,true,39,false,false,false,false
5.185.2.96,false,true,true,512,0,true,39,false,false,false,false
5.185.2.213,true,false,true,512,46,true,3642,true,true,false,false
5.185.120.88,true,false,true,512,38,true,3103,true,true,false,false
5.175.46.14,true,false,true,512,1,true,60,false,false,false,false
5.152.206.180,true,false,false,0,1,true,49,false,false,false,false
5.175.46.48,true,false,true,512,1,true,60,false,false,false,false
5.53.122.54,false,false,false,0,0,false,0,false,false,true,false
5.140.233.185,true,false,false,0,23,true,2304,true,true,false,false
5.11.39.22,true,false,true,512,1,true,60,false,false,false,false
5.100.249.17,true,false,true,4096,44,true,3359,true,true,false,false
47.49.148.38,false,false,false,0,0,true,28,false,false,true,false
49.229.56.21,true,false,true,4096,43,true,3594,true,true,false,false
5.149.150.166,true,false,false,0,3,true,76,false,false,false,false
47.207.31.201,true,false,true,1220,11,true,274,false,false,false,false
5.149.203.91,true,false,false,0,9,true,713,false,true,false,false
47.38.57.61,false,false,false,0,0,true,28,false,false,true,false
5.185.243.38,false,false,false,0,0,false,0,false,false,true,false
5.185.243.40,false,false,false,0,0,false,0,false,false,true,false
46.242.28.69,false,false,true,1232,0,true,39,false,false,true,false
46.31.39.96,true,false,true,512,11,true,274,false,false,false,false
5.157.115.147,true,false,false,0,1,true,49,false,false,false,false
46.191.251.141,true,false,false,0,3,true,76,false,false,false,false
46.107.231.70,true,false,false,0,20,true,1760,true,true,false,false
45.90.31.189,false,false,false,0,0,true,28,false,false,true,false
5.149.210.54,false,false,false,0,0,false,0,false,false,true,false
45.90.30.172,false,false,false,0,0,true,28,false,false,true,false
45.90.29.194,false,false,false,0,0,true,28,false,false,true,false
46.232.132.146,true,false,false,0,20,true,2263,true,true,false,false
45.90.28.59,false,false,false,0,0,true,28,false,false,true,false
45.90.28.57,false,false,false,0,0,true,28,false,false,true,false
45.65.225.220,true,false,true,512,1,true,60,false,false,false,false
45.65.225.202,true,false,true,512,1,true,60,false,false,false,false
45.62.200.26,true,false,true,4096,43,true,3594,true,true,false,false
45.65.225.196,true,false,true,512,1,true,60,false,false,false,false
46.235.85.142,false,false,false,0,0,false,0,false,false,true,false
45.236.18.62,true,false,true,512,1,true,60,false,false,false,false
45.224.22.25,true,false,true,512,1,true,60,false,false,false,false
45.255.126.214,true,false,true,4096,1,true,60,false,false,false,false
45.176.242.46,true,false,true,512,1,true,60,false,false,false,false
45.176.222.222,true,false,true,512,1,true,60,false,false,false,false
45.94.21.235,true,false,false,0,20,true,1985,true,true,false,false
45.142.214.133,false,false,true,1452,0,true,39,false,false,true,false
45.131.108.160,true,false,false,0,20,true,1730,true,true,false,false
45.13.105.154,true,false,false,0,20,true,1742,true,true,false,false
45.176.222.217,true,false,true,512,1,true,60,false,false,false,false
4.4.204.130,true,false,true,512,1,true,60,false,false,false,false
41.23.99.247,false,false,true,1232,0,true,39,false,false,true,false
4.53.160.75,true,false,true,4096,44,true,3546,true,true,false,false
41.225.14.234,true,false,true,512,1,true,60,false,false,false,false
45.67.219.208,false,false,false,0,0,false,0,false,false,true,false
38.9.48.149,false,false,true,1410,0,true,39,false,false,true,false
38.9.48.148,false,false,true,1410,0,true,39,false,false,true,false
38.65.135.124,true,false,true,512,1,true,60,false,false,false,false
4.26.149.250,false,false,false,0,0,false,0,false,false,true,false
43.249.65.207,true,false,true,4096,11,true,274,false,false,false,false
4.26.137.250,false,false,false,0,0,false,0,false,false,true,false
31.41.114.217,true,false,true,4096,3,true,87,false,false,false,false
4.31.24.192,false,false,false,0,0,false,0,false,false,true,false
37.157.177.192,true,false,true,512,1,true,60,false,false,false,false
41.228.23.167,false,false,false,0,0,false,0,false,false,true,false
31.40.113.204,true,false,false,0,20,true,1943,true,true,false,false
37.194.251.191,true,false,false,0,28,true,2298,true,true,false,false
37.29.44.126,false,false,false,0,0,false,0,false,false,true,false
31.210.218.84,true,false,false,0,20,true,1883,true,true,false,false
37.25.36.181,false,false,false,0,0,false,0,false,false,true,false
31.0.138.234,true,false,true,1232,11,true,277,false,false,false,false
37.193.113.16,false,false,false,0,0,false,0,false,false,true,false
31.179.250.110,true,false,false,0,20,true,1802,true,true,false,false
31.15.88.144,true,false,false,0,20,true,2032,true,true,false,false
3.214.203.108,true,false,true,4096,12,true,302,false,false,false,false
27.76.137.77,true,false,true,4000,8,true,330,false,false,false,false
27.76.137.76,true,false,true,4000,8,true,418,false,false,false,false
31.148.151.77,true,false,false,0,46,true,3282,true,true,false,false
24.231.181.182,false,false,false,0,0,true,28,false,false,true,false
24.207.171.226,false,false,false,0,0,true,28,false,false,true,false
24.182.14.205,true,false,true,4000,8,true,242,false,false,false,false
24.39.136.190,true,false,true,512,1,true,60,false,false,false,false
27.5.234.18,true,false,true,512,1,true,60,false,false,false,false
222.228.150.127,false,true,true,512,0,true,39,false,false,false,false
222.112.197.155,true,false,true,4000,46,true,3642,true,true,false,false
222.127.140.178,true,false,false,0,20,true,2032,true,true,false,false
222.110.103.39,true,false,true,4000,8,true,302,false,false,false,false
24.230.77.131,false,false,true,1232,0,true,39,false,false,true,false
220.148.158.1,false,true,true,1232,0,true,39,false,false,false,false
220.147.255.145,false,true,true,512,0,true,39,false,false,false,false
219.127.86.6,true,false,true,1232,11,true,598,false,true,false,false
219.163.52.42,true,false,true,4000,8,true,418,false,false,false,false
217.25.228.98,true,false,false,0,28,true,2202,true,true,false,false
216.41.208.205,true,false,false,0,20,true,2032,true,true,false,false
217.12.214.244,true,false,false,0,20,true,2032,true,true,false,false
217.182.198.203,true,false,true,4096,44,true,3439,true,true,false,false
217.23.199.77,true,false,true,512,1,true,60,false,false,false,false
31.0.164.55,false,false,false,0,0,false,0,false,false,true,false
217.33.153.162,true,false,true,512,1,true,60,false,false,false,false
216.107.162.21,true,false,true,512,1,true,60,false,false,false,false
213.26.174.10,true,false,true,4096,35,true,3851,true,true,false,false
213.73.3.164,true,false,false,0,23,true,1710,true,true,false,false
213.200.211.110,true,false,true,4096,46,true,3586,true,true,false,false
213.91.195.139,true,false,false,0,31,true,2379,true,true,false,false
213.191.222.21,true,false,false,0,47,true,512,false,false,false,false
213.145.3.44,true,false,false,0,20,true,1944,true,true,false,false
213.153.223.21,true,false,false,0,20,true,2032,true,true,false,false
212.77.176.199,true,false,true,4000,8,true,242,false,false,false,false
212.93.107.55,false,false,false,0,0,true,28,false,false,true,false
217.69.228.142,false,false,false,0,0,false,0,false,false,true,false
212.49.110.242,true,false,false,0,20,true,1773,true,true,false,false
217.97.139.128,false,false,false,0,0,false,0,false,false,true,false
212.93.117.80,false,false,false,0,0,false,0,false,false,true,false
212.22.77.56,true,false,false,0,20,true,1764,true,true,false,false
213.230.108.161,true,false,false,0,16,true,996,false,true,false,false
212.184.191.2,true,false,true,4096,47,true,3721,true,true,false,false
212.200.169.182,true,false,false,0,20,true,1740,true,true,false,false
212.184.191.193,true,false,true,4096,47,true,3721,true,true,false,false
212.184.191.100,true,false,true,4096,47,true,3721,true,true,false,false
213.194.123.26,true,false,true,512,1,true,60,false,false,false,false
212.70.156.160,true,false,false,0,20,true,1673,true,true,false,false
212.14.226.73,true,false,true,4096,46,true,3290,true,true,false,false
212.154.131.115,true,false,true,4000,8,true,362,false,false,false,false
212.27.27.62,true,false,true,4096,11,true,274,false,false,false,false
212.12.28.30,true,false,true,4096,35,true,3851,true,true,false,false
212.0.208.189,true,false,false,0,20,true,1759,true,true,false,false
211.76.112.59,true,false,true,4096,44,true,3527,true,true,false,false
211.184.196.130,true,false,true,4000,8,true,330,false,false,false,false
211.40.52.2,true,false,true,4000,36,true,3076,true,true,false,false
211.129.155.175,true,false,true,1024,15,true,967,false,true,false,false
211.119.47.110,true,false,true,4000,8,true,330,false,false,false,false
211.40.52.5,true,false,true,4000,36,true,3076,true,true,false,false
211.115.203.136,true,false,true,4096,43,true,3618,true,true,false,false
210.91.32.187,true,false,true,1460,43,true,3538,true,true,false,false
210.79.34.137,true,false,true,1232,3,true,87,false,false,false,false
210.227.20.3,true,false,true,4096,43,true,3690,true,true,false,false
210.190.105.66,true,false,true,4000,8,true,330,false,false,false,false
210.176.88.93,true,false,true,4096,44,true,3639,true,true,false,false
210.161.166.69,true,false,true,512,11,true,626,false,true,false,false
210.113.223.93,true,false,true,4096,43,true,3706,true,true,false,false
209.90.160.221,true,false,true,4096,46,true,3290,true,true,false,false
208.89.96.11,true,false,true,4000,8,true,258,false,false,false,false
209.177.122.14,true,false,true,1220,12,true,341,false,false,false,false
208.184.237.45,false,false,true,4096,0,true,39,false,false,true,false
208.46.69.216,true,false,false,0,35,true,1500,true,true,false,false
207.144.227.94,true,false,true,4096,44,true,3595,true,true,false,false
209.201.3.13,true,false,false,0,35,true,1500,true,true,false,false
210.174.11.191,true,false,true,1232,11,true,274,false,false,false,false
212.122.53.126,true,false,true,1232,3,true,87,false,false,false,false
206.222.8.75,true,false,true,4000,8,true,330,false,false,false,false
207.243.254.252,true,false,true,512,1,true,60,false,false,false,false
207.138.36.249,true,false,false,0,20,true,1730,true,true,false,false
206.125.134.19,true,false,true,512,1,true,60,false,false,false,false
212.14.18.110,false,false,false,0,0,false,0,false,false,true,false
204.2.64.42,true,false,true,512,1,true,60,false,false,false,false
204.134.147.8,true,false,false,0,35,true,1500,true,true,false,false
204.116.65.88,false,false,true,1410,0,true,39,false,false,true,false
205.185.75.64,true,false,false,0,46,true,512,false,false,false,false
212.122.50.26,false,false,false,0,0,false,0,false,false,true,false
203.45.104.249,true,false,true,512,1,true,60,false,false,false,false
203.253.227.152,true,false,true,4000,8,true,258,false,false,false,false
203.249.112.101,true,false,true,4096,44,true,3527,true,true,false,false
203.190.254.3,true,false,true,4096,46,true,3538,true,true,false,false
202.184.80.21,false,false,true,4096,0,true,39,false,false,true,false
202.175.101.228,true,false,true,4000,8,true,258,false,false,false,false
202.175.101.204,true,false,true,4000,36,true,3076,true,true,false,false
202.164.153.108,false,true,true,512,0,true,39,false,false,false,false
202.164.150.220,false,true,true,512,0,true,39,false,false,false,false
202.82.84.220,false,false,false,0,0,false,0,false,false,true,false
202.164.140.67,false,true,true,512,0,true,39,false,false,false,false
201.96.27.129,true,false,false,0,1,true,49,false,false,false,false
202.72.201.46,true,false,false,0,20,true,1735,true,true,false,false
201.96.47.101,true,false,false,0,1,true,49,false,false,false,false
202.57.32.1,true,false,true,4096,46,true,3666,true,true,false,false
201.219.193.1,true,false,false,0,1,true,49,false,false,false,false
201.204.47.66,true,false,true,4000,8,true,314,false,false,false,false
201.117.137.41,true,false,false,0,1,true,49,false,false,false,false
201.219.154.75,false,false,false,0,0,false,0,false,false,true,false
202.83.43.81,false,false,false,0,0,false,0,false,false,true,false
201.182.66.37,true,false,false,0,20,true,1774,true,true,false,false
202.27.28.163,false,false,false,0,0,false,0,false,false,true,false
201.120.86.4,true,false,false,0,20,true,1740,true,true,false,false
200.73.84.43,true,false,true,512,1,true,60,false,false,false,false
201.251.135.158,true,false,false,0,1,true,49,false,false,true,false
201.148.84.226,true,false,false,0,20,true,1814,true,true,false,false
200.54.51.6,true,false,false,0,20,true,1759,true,true,false,false
201.156.1.226,false,false,false,0,0,false,0,false,false,true,false
200.81.52.96,false,false,false,0,0,false,0,false,false,true,false
200.29.255.3,true,false,false,0,43,true,1500,true,true,false,false
200.81.52.3,false,false,false,0,0,false,0,false,false,true,false
200.29.255.2,true,true,false,0,5,true,429,false,false,false,false
200.56.252.75,false,false,false,0,0,false,0,false,false,true,false
201.132.162.254,false,false,false,0,0,false,0,false,false,true,false
200.221.11.100,true,false,true,1232,3,true,87,false,false,false,false
200.41.102.254,true,false,false,0,1,true,468,false,false,false,false
2.136.81.230,true,false,true,4096,44,true,3539,true,true,false,false
200.150.82.174,true,false,false,0,20,true,1778,true,true,false,false
198.55.51.73,true,false,true,4096,47,true,3357,true,true,false,false
2.207.170.66,true,false,true,1232,8,true,226,false,false,false,false
198.245.51.147,true,false,true,1280,8,true,226,false,false,false,false
198.190.195.80,true,false,true,4000,8,true,274,false,false,false,false
2.136.93.224,false,false,false,0,0,true,28,false,false,false,false
197.24.241.228,true,false,true,4096,12,true,499,false,false,false,false
200.150.84.26,true,false,true,512,1,true,60,false,false,false,false
197.159.180.2,true,false,true,4000,39,true,3124,true,true,false,false
200.69.212.177,false,false,false,0,0,false,0,false,false,true,false
197.159.180.1,true,false,true,4000,39,true,3124,true,true,false,false
2.55.97.68,true,false,true,512,1,true,60,false,false,false,false
196.15.170.131,true,false,true,4000,8,true,258,false,false,false,false
195.46.163.13,true,false,true,4096,4,true,115,false,false,false,false
200.16.208.187,false,false,false,0,0,false,0,false,false,true,false
197.245.219.54,true,false,false,0,1,true,49,false,false,false,false
196.13.158.51,false,false,false,0,0,false,0,false,false,true,false
196.13.141.10,false,false,false,0,0,false,0,false,false,true,false
195.24.159.50,true,false,false,0,28,true,2232,true,true,false,false
195.189.203.203,true,false,true,512,1,true,60,false,false,false,false
195.136.206.181,true,false,true,512,1,true,60,false,false,false,false
195.136.206.152,true,false,true,512,1,true,60,false,false,false,false
198.44.255.252,false,false,false,0,0,false,0,false,false,true,false
195.136.206.155,true,false,true,512,1,true,60,false,false,false,false
195.136.206.159,true,false,true,512,1,true,60,false,false,false,false
195.228.39.166,true,false,false,0,20,true,1813,true,true,false,false
195.133.149.106,true,false,true,4096,35,true,3851,true,true,false,false
194.135.11.210,false,true,true,512,0,true,39,false,false,false,false
194.44.211.78,true,false,false,0,20,true,1745,true,true,false,false
194.177.210.210,false,false,true,1232,0,true,39,false,false,true,false
197.155.72.149,false,false,false,0,0,false,0,false,false,true,false
193.165.122.190,true,false,false,0,20,true,1606,true,true,false,false
193.200.211.154,true,false,false,0,20,true,2291,true,true,false,false
192.109.241.6,true,false,true,4000,8,true,302,false,false,false,false
193.251.1.154,true,false,true,1232,1,true,67,false,false,false,false
192.115.8.13,true,false,true,4096,43,true,3530,true,true,false,false
193.253.234.127,false,true,true,1232,0,true,39,false,false,false,false
190.54.120.23,true,false,true,4096,3,true,87,false,false,false,false
191.241.245.108,true,false,false,0,20,true,1738,true,true,false,false
190.171.26.34,true,false,true,4000,8,true,330,false,false,false,false
192.162.141.197,true,false,false,0,20,true,1798,true,true,false,false
193.35.48.170,false,false,false,0,0,false,0,false,false,true,false
190.223.60.101,true,false,false,0,20,true,2032,true,true,false,false
190.123.132.53,true,false,true,4096,47,true,3311,true,true,false,false
190.121.4.63,true,false,false,0,20,true,1701,true,true,false,false
195.19.102.93,false,false,false,0,0,false,0,false,false,true,false
190.0.59.102,true,false,false,0,20,true,2032,true,true,false,false
189.204.6.253,false,false,true,4096,0,true,39,false,false,true,false
189.203.66.130,true,false,true,4096,43,true,3242,true,true,false,false
190.54.110.23,true,false,true,4096,3,true,87,false,false,false,false
188.191.165.58,false,false,true,1232,0,true,39,false,false,true,false
188.227.129.126,true,false,false,0,20,true,2032,true,true,false,false
188.165.220.211,true,false,true,4096,35,true,3055,true,true,false,false
188.93.135.180,true,false,false,0,23,true,1663,true,true,false,false
190.104.249.179,true,false,false,0,20,true,1817,true,true,false,false
188.170.53.93,true,false,false,0,46,true,3282,true,true,false,false
187.157.153.214,true,false,false,0,20,true,1743,true,true,false,false
187.218.44.161,false,false,false,0,0,true,28,false,false,false,false
187.141.99.33,true,false,false,0,1,true,49,false,false,false,false
186.4.206.188,true,false,true,512,1,true,60,false,false,false,false
186.116.6.75,false,true,true,512,0,true,39,false,false,false,false
190.105.214.36,false,false,false,0,0,false,0,false,false,true,false
186.250.56.249,true,false,false,0,20,true,1781,true,true,false,false
186.177.77.238,true,false,false,0,1,true,49,false,false,false,false
186.67.175.122,true,false,false,0,20,true,2011,true,true,false,false
188.125.46.132,false,false,true,1232,0,true,39,false,false,false,false
185.97.204.135,true,false,false,0,28,true,2247,true,true,false,false
185.3.69.37,true,false,false,0,20,true,1657,true,true,false,false
185.173.206.234,true,false,false,0,20,true,1796,true,true,false,false
185.230.6.220,true,false,true,512,1,true,60,false,false,false,false
185.142.30.40,true,false,false,0,20,true,1800,true,true,false,false
185.49.111.249,false,false,false,0,0,false,0,false,false,true,false
183.91.3.242,true,false,false,0,20,true,1773,true,true,false,false
185.48.176.53,true,false,false,0,4,true,441,false,false,false,false
186.154.241.226,false,false,false,0,0,false,0,false,false,true,false
182.19.95.34,true,false,true,4096,11,true,274,false,false,false,false
182.211.46.242,true,false,true,1232,11,true,274,false,false,false,false
182.211.210.55,true,false,true,1232,11,true,274,false,false,false,false
182.237.214.37,true,false,false,0,46,true,512,false,false,false,false
182.162.73.17,true,false,true,4000,38,true,3103,true,true,false,false
185.125.114.252,true,false,false,0,20,true,1970,true,true,false,false
181.49.14.150,true,false,false,0,1,true,49,false,false,false,false
182.213.41.92,true,false,true,1232,11,true,274,false,false,false,false
181.78.98.98,true,false,false,0,20,true,1776,true,true,false,false
181.224.97.54,true,false,false,0,28,true,2231,true,true,false,false
181.204.147.243,true,false,false,0,20,true,1860,true,true,false,false
181.205.146.74,true,false,false,0,20,true,1702,true,true,false,false
185.127.219.176,false,false,false,0,0,false,0,false,false,true,false
181.48.171.254,false,false,false,0,0,false,0,false,false,true,false
180.42.15.9,false,true,true,512,0,true,39,false,false,false,false
180.232.77.210,true,false,false,0,20,true,2032,true,true,false,false
180.211.183.206,true,false,false,0,1,true,49,false,false,false,false
181.205.83.202,false,false,false,0,0,false,0,false,false,true,false
179.189.115.39,true,false,true,1232,3,true,87,false,false,false,false
179.111.216.102,true,false,false,0,20,true,2155,true,true,false,false
181.129.121.42,true,false,false,0,3,true,300,false,false,false,false
181.224.161.85,false,false,false,0,0,false,0,false,false,true,false
181.115.203.138,true,false,true,512,38,true,3103,true,true,false,false
177.91.134.173,true,false,true,1232,3,true,87,false,false,false,false
177.91.134.172,true,false,true,1232,3,true,87,false,false,false,false
178.214.225.190,false,false,false,0,0,false,0,false,false,true,false
180.211.159.178,false,false,false,0,0,false,0,false,false,true,false
177.75.74.0,true,false,false,0,20,true,1883,true,true,false,false
178.210.129.42,true,false,false,0,20,true,1742,true,true,false,false
177.54.132.90,true,false,false,0,20,true,1714,true,true,false,false
178.235.148.35,false,false,false,0,0,false,0,false,false,true,false
178.183.177.60,false,false,false,0,0,false,0,false,false,true,false
177.223.107.235,true,false,false,0,20,true,1673,true,true,false,false
177.223.106.204,true,false,false,0,20,true,1673,true,true,false,false
177.200.69.231,true,false,false,0,20,true,1563,true,true,false,false
176.58.113.172,false,false,true,4096,0,true,39,false,false,true,false
176.96.240.86,true,false,false,0,20,true,1994,true,true,false,false
177.221.44.173,true,false,true,512,1,true,60,false,false,false,false
173.91.49.96,false,false,false,0,0,true,28,false,false,true,false
173.251.21.58,true,false,false,0,38,true,1500,true,true,false,false
175.101.132.109,true,false,true,4096,12,true,341,false,false,false,false
177.244.25.118,true,false,false,0,1,true,49,false,false,false,false
173.14.65.89,true,false,false,0,46,true,1500,true,true,false,false
172.88.245.254,false,false,false,0,0,true,28,false,false,true,false
176.113.166.96,true,false,false,0,20,true,1563,true,true,false,false
173.11.131.1,true,false,false,0,20,true,1856,true,true,false,false
168.100.172.1,true,false,true,1232,3,true,87,false,false,false,false
172.105.218.63,true,false,true,1232,11,true,274,false,false,false,false
177.159.101.225,false,false,false,0,0,false,0,false,false,true,false
167.235.59.243,false,true,true,10000,0,true,39,false,false,false,false
170.239.144.20,false,true,true,1680,0,true,39,false,false,false,false
168.9.36.114,true,false,true,512,1,true,60,false,false,false,false
161.49.212.60,true,false,true,4096,11,true,274,false,false,false,false
156.154.71.26,false,false,true,4096,0,true,39,false,false,true,false
156.154.71.20,false,false,true,4096,0,true,39,false,false,true,false
156.154.70.2,false,false,true,4096,0,true,39,false,false,true,false
156.154.70.13,false,false,true,4096,0,true,39,false,false,true,false
156.154.70.12,false,false,true,4096,0,true,39,false,false,true,false
156.154.70.11,false,false,true,4096,0,true,39,false,false,true,false
164.132.210.88,true,false,true,4000,36,true,3076,true,true,false,false
156.154.70.1,false,false,true,4096,0,true,39,false,false,true,false
159.223.92.182,true,false,false,0,20,true,1750,true,true,false,false
151.80.28.48,true,false,true,4000,8,true,258,false,false,false,false
160.16.111.164,false,false,true,512,0,true,39,false,false,true,false
145.239.227.50,true,false,true,4096,43,true,3594,true,true,false,false
149.154.159.92,true,false,true,4096,3,true,87,false,false,false,false
146.70.143.156,true,false,false,0,1,true,49,false,false,false,false
177.144.128.64,false,false,false,0,0,false,0,false,false,true,false
162.251.184.3,true,false,true,4000,39,true,3170,true,true,false,false
142.154.193.174,false,true,true,1232,0,true,39,false,false,false,false
149.62.241.50,true,false,false,0,20,true,1837,true,true,false,false
14.200.94.202,true,false,true,512,1,true,60,false,false,false,false
14.192.0.139,true,false,true,512,1,true,60,false,false,false,false
14.192.0.141,true,false,true,512,1,true,60,false,false,false,false
174.141.219.114,false,false,false,0,0,false,0,false,false,true,false
130.93.54.181,true,false,false,0,28,true,2272,true,true,false,false
14.161.42.37,true,false,false,0,20,true,2032,true,true,false,false
141.193.223.166,true,false,true,4000,8,true,258,false,false,false,false
125.234.238.3,true,false,true,4000,8,true,258,false,false,false,false
125.227.77.87,true,false,true,4000,39,true,3124,true,true,false,false
14.241.236.220,false,false,false,0,0,false,0,false,false,true,false
125.134.180.69,true,false,true,4000,8,true,242,false,false,false,false
124.9.13.151,true,false,true,4000,8,true,330,false,false,false,false
157.25.58.57,false,false,false,0,0,false,0,false,false,true,false
139.130.124.242,false,false,false,0,0,false,0,false,false,true,false
124.6.165.168,true,false,false,0,23,true,1829,true,true,false,false
124.35.115.150,false,true,true,512,0,true,39,false,false,false,false
125.254.55.66,false,false,false,0,0,false,0,false,false,true,false
125.209.111.119,false,false,false,0,0,false,0,false,false,true,false
123.30.175.83,true,false,true,4096,1,true,247,false,false,false,false
123.30.175.82,true,false,true,4096,3,true,87,false,false,false,false
124.158.191.134,true,false,false,0,20,true,1940,true,true,false,false
125.254.55.83,false,false,false,0,0,false,0,false,false,true,false
122.53.218.12,true,false,true,4096,3,true,87,false,false,false,false
122.215.158.17,false,true,true,512,0,true,39,false,false,false,false
123.25.117.122,true,false,true,512,1,true,60,false,false,false,false
124.106.155.201,true,false,false,0,20,true,1797,true,true,false,false
122.129.123.220,true,false,true,4000,8,true,418,false,false,false,false
124.53.12.117,false,false,false,0,0,false,0,false,false,true,false
121.101.90.2,false,true,true,1232,0,true,39,false,false,false,false
121.180.117.234,true,false,true,4096,43,true,3418,true,true,false,false
12.50.2.235,true,false,true,512,1,true,60,false,false,false,false
12.239.75.226,true,false,true,512,1,true,60,false,false,false,false
12.68.237.194,true,false,true,512,1,true,60,false,false,false,false
12.189.150.34,true,false,true,512,1,true,60,false,false,false,false
123.63.20.179,false,false,false,0,0,false,0,false,false,true,false
122.52.117.51,true,false,false,0,20,true,1811,true,true,false,false
121.52.157.202,true,false,false,0,20,true,2137,true,true,false,false
12.170.240.66,true,false,true,4096,44,true,3543,true,true,false,false
12.11.58.226,true,false,true,512,1,true,60,false,false,false,false
119.93.220.165,true,false,false,0,20,true,1632,true,true,false,false
12.229.148.195,true,false,true,512,1,true,60,false,false,false,false
122.52.189.249,false,false,false,0,0,false,0,false,false,true,false
119.92.229.214,true,false,false,0,47,true,3363,true,true,false,false
119.194.11.153,true,false,true,4096,43,true,3474,true,true,false,false
121.119.170.152,true,false,true,512,46,true,3642,true,true,false,false
12.12.131.134,true,false,true,512,1,true,60,false,false,false,false
118.69.197.81,true,false,true,4000,8,true,242,false,false,false,false
117.74.38.123,true,false,true,1232,3,true,87,false,false,false,false
116.71.135.74,true,false,false,0,8,true,394,false,false,false,false
115.70.163.143,true,false,false,0,20,true,1728,true,true,false,false
12.191.37.29,true,false,true,4000,46,true,3642,true,true,false,false
113.61.224.13,true,false,true,4000,8,true,274,false,false,false,false
113.61.224.12,true,false,true,4000,8,true,330,false,false,false,false
113.42.227.18,false,true,true,512,0,true,39,false,false,false,false
115.99.74.67,true,false,true,512,1,true,60,false,false,false,false
113.161.116.150,true,false,true,4000,8,true,314,false,false,false,false
113.149.254.97,false,true,true,512,0,true,39,false,false,false,false
112.196.19.243,true,false,false,0,47,true,3303,true,true,false,false
112.152.233.138,true,false,true,1232,12,true,298,false,false,false,false
111.92.85.233,false,true,true,512,0,true,39,false,false,false,false
111.92.96.7,false,true,true,512,0,true,39,false,false,false,false
111.92.106.148,false,true,true,512,0,true,39,false,false,false,false
110.49.79.148,true,false,true,4096,43,true,3594,true,true,false,false
110.49.78.20,true,false,true,4096,43,true,3594,true,true,false,false
109.234.249.10,true,false,true,4096,44,true,3527,true,true,false,false
110.143.3.83,false,true,true,1232,0,true,39,false,false,false,false
109.238.224.178,true,false,false,0,20,true,1791,true,true,false,false
109.234.248.10,true,false,true,4096,44,true,3527,true,true,false,false
107.1.233.58,false,false,true,1232,0,true,39,false,false,true,false
108.162.42.172,true,false,true,512,3,true,87,false,false,false,false
105.30.247.93,true,false,true,4000,36,true,3076,true,true,false,false
113.160.227.32,false,false,false,0,0,false,0,false,false,true,false
118.140.110.71,false,false,false,0,0,false,0,false,false,true,false
112.198.128.216,false,false,false,0,0,false,0,false,false,true,false
105.29.89.225,true,false,false,0,20,true,1780,true,true,false,false
109.195.103.135,true,false,false,0,28,true,2331,true,true,false,false
109.107.80.136,false,false,false,0,0,false,0,false,false,true,false
103.67.152.185,true,false,false,0,1,true,49,false,false,false,false
103.23.223.249,true,false,true,1024,14,true,854,false,true,false,false
103.67.152.193,false,false,false,0,0,false,0,false,false,true,false
103.232.67.36,true,false,true,4096,47,true,3699,true,true,false,false
103.210.243.5,true,false,false,0,11,true,263,false,false,false,false
103.57.71.38,false,false,false,0,0,false,0,false,false,true,false
103.215.16.230,true,false,false,0,20,true,1811,true,true,false,false
103.190.136.30,true,false,true,512,1,true,60,false,false,false,false
103.57.71.140,false,false,false,0,0,false,0,false,false,true,false
103.186.53.1,true,false,true,512,1,true,60,false,false,false,false
103.173.10.117,true,false,true,512,1,true,60,false,false,false,false
103.57.71.137,false,false,false,0,0,false,0,false,false,true,false
103.57.71.120,false,false,false,0,0,false,0,false,false,true,false
103.173.10.101,true,false,true,512,1,true,60,false,false,false,false
103.172.197.179,true,false,false,0,20,true,2032,true,true,false,false
103.166.22.94,true,false,true,512,1,true,60,false,false,false,false
103.166.22.78,true,false,true,512,1,true,60,false,false,false,false
103.166.22.76,true,false,true,512,1,true,60,false,false,false,false
103.166.22.59,true,false,true,512,1,true,60,false,false,false,false
103.166.22.56,true,false,true,512,1,true,60,false,false,false,false
103.166.22.71,true,false,true,512,1,true,60,false,false,false,false
103.166.22.53,true,false,true,512,1,true,60,false,false,false,false
103.166.22.52,true,false,true,512,1,true,60,false,false,false,false
103.166.22.247,true,false,true,512,1,true,60,false,false,false,false
103.166.22.38,true,false,true,512,1,true,60,false,false,false,false
103.166.22.249,true,false,true,512,1,true,60,false,false,false,false
103.166.22.211,true,false,true,512,1,true,60,false,false,false,false
103.166.22.210,true,false,true,512,1,true,60,false,false,false,false
103.166.22.196,true,false,true,512,1,true,60,false,false,false,false
103.166.22.194,true,false,true,512,1,true,60,false,false,false,false
103.166.22.179,true,false,true,512,1,true,60,false,false,false,false
103.166.22.170,true,false,true,512,1,true,60,false,false,false,false
103.166.22.171,true,false,true,512,1,true,60,false,false,false,false
103.166.22.178,true,false,true,512,1,true,60,false,false,false,false
103.166.22.166,true,false,true,512,1,true,60,false,false,false,false
103.166.22.165,true,false,true,512,1,true,60,false,false,false,false
103.166.22.153,true,false,true,512,1,true,60,false,false,false,false
103.166.22.147,true,false,true,512,1,true,60,false,false,false,false
103.166.22.130,true,false,true,512,1,true,60,false,false,false,false
103.166.22.129,true,false,true,512,1,true,60,false,false,false,false
103.166.22.107,true,false,true,512,1,true,60,false,false,false,false
103.166.22.122,true,false,true,512,1,true,60,false,false,false,false
103.166.22.0,true,false,true,512,1,true,60,false,false,false,false
103.141.119.218,true,false,true,512,1,true,60,false,false,false,false
103.151.171.137,true,false,true,512,1,true,60,false,false,false,false
103.129.237.43,true,false,true,512,1,true,60,false,false,false,false
103.129.237.39,true,false,true,512,1,true,60,false,false,false,false
103.129.237.26,true,false,true,512,1,true,60,false,false,false,false
103.129.237.83,true,false,true,512,1,true,60,false,false,false,false
103.129.237.201,true,false,true,512,1,true,60,false,false,false,false
103.129.237.198,true,false,true,512,1,true,60,false,false,false,false
103.129.237.167,true,false,true,512,1,true,60,false,false,false,false
103.129.237.135,true,false,true,512,1,true,60,false,false,false,false
103.151.56.56,false,false,false,0,0,false,0,false,false,true,false
103.129.237.115,true,false,true,512,1,true,60,false,false,false,false
103.129.237.104,true,false,true,512,1,true,60,false,false,false,false
103.129.237.118,true,false,true,512,1,true,60,false,false,false,false
103.129.236.79,true,false,true,512,1,true,60,false,false,false,false
103.129.236.41,true,false,true,512,1,true,60,false,false,false,false
103.129.236.68,true,false,true,512,1,true,60,false,false,false,false
103.129.236.3,true,false,true,512,1,true,60,false,false,false,false
103.129.236.186,true,false,true,512,1,true,60,false,false,false,false
103.129.236.250,true,false,true,512,1,true,60,false,false,false,false
103.129.236.178,true,false,true,512,1,true,60,false,false,false,false
103.129.236.111,true,false,true,512,1,true,60,false,false,false,false
103.129.236.117,true,false,true,512,1,true,60,false,false,false,false
1.4.195.227,true,false,false,0,20,true,2032,true,true,false,false
1.179.228.10,true,false,true,4000,8,true,330,false,false,false,false
103.115.164.241,false,false,false,0,0,false,0,false,false,true,false
